M,S0,entry_session,event_id,exit_session,issuer_cik,reason,split,status,symbol
,,2023-07-27,0017e0ea5cf63626b2d9cfe1f94bbef7aa4db51941706af9938194a2c14704f1,,0001288469,no_selected_contract_or_M_not_acquired,train,excluded,MXL
,451.83000000000004,2023-05-24,000339da72c6386ecf2b49a1190f6695ebeee174ce82a5810931ab0b06dd044d,2023-06-08,0000896878,invalid_M,train,excluded,INTU
,59.035,2023-08-03,00192b34b7cb800bdea3e5525fec05fe408b4eeef9f0542ab4256ea593171a83,2023-08-17,0001672013,invalid_M,train,excluded,GOLF
,75.52000000000001,2023-08-04,00454b75cb3280926cbd779fe9f9839dcd435933ec2a9addf45d682eb5b11ccc,2023-08-18,0000882095,invalid_M,train,excluded,GILD
,,2024-02-15,003dcf741d585aab966e057f5f27d118127659a0295ea9f4fd538364705bd5b1,,0001821825,no_selected_contract_or_M_not_acquired,train,excluded,OGN
,,2024-04-24,0020347e9be13616735e39bb921063a0278cc45837fc881f992ca47b4e2677a3,,0000062996,no_selected_contract_or_M_not_acquired,train,excluded,MAS
,185.28,2024-05-06,0041704db7bac6d47b75723a2f0f76189cd29eaa12d3d857711d2eea79a35581,2024-05-20,0001037976,invalid_M,train,excluded,JLL
,248.935,2024-05-09,0015b091d387c9fbbd5f7b06200703254a672a7111c7920cb8ed4eb76b601009,2024-05-23,0001352010,invalid_M,train,excluded,EPAM
,11.215,2024-11-14,0064c0029db21b7573eddf9ac122e67e19dbdbfcf6b3978dc564d45c86d1155e,2024-11-29,0000813828,invalid_M,train,excluded,PARA
,689.505,2024-10-18,003864ce91460a8b8afa04690277b0cd548b5bb6683a065d9cd59768b8f5c255,2024-11-01,0001065280,invalid_M,train,excluded,NFLX
,,2025-01-30,005ee90278e5eda51c99ea450ce90de660f3b3c9765143b06866df5b79a238ce,,0000871763,no_selected_contract_or_M_not_acquired,validation,excluded,MAN
,39.305,2025-02-13,01232910e54617f1ff9118d13be99b33b3a26724258d63ce5389dd3aaae82abb,2025-02-28,0001433270,invalid_M,validation,excluded,AR
,485.845,2025-05-01,00046f18521c8231ffe8abb9d438df9e6122140153ef23975d9a407f12ef0e8b,2025-05-15,0000885550,invalid_M,validation,excluded,CACC
,300.5675,2025-05-01,00d4ff0761aa1e2240bf80bb988b80940c8d8cef367a4168b3f4d438ea8be475,2025-05-15,0001393311,invalid_M,validation,excluded,PSA
,12.585,2025-05-08,0023c65dac1ecf9ec4003711a1b9256f857ed7a9d9a9135a6493b3b7314876a6,2025-05-22,0001964789,invalid_M,validation,excluded,HUT
,34.89,2025-05-07,00330fea8deda554715c0111191573191265543fbf5422f96636850e53995f93,2025-05-21,0001792580,invalid_M,validation,excluded,OVV
,22.465,2025-08-07,002a15fc48bf60a0299dc0bb420cd78ccab1476acf54c50945ee805596c38607,2025-08-21,0001595974,invalid_M,validation,excluded,MGNI
,,2025-08-28,0065af2069fa64e50c9a797d10ed86dffb74f5e5fb5ca8feadf01de609701366,,0001639300,no_selected_contract_or_M_not_acquired,validation,excluded,OLLI
,65.66499999999999,2025-11-07,002da934ad459cba4a7024d2016c004854acbfdccd545904b0ac22835322890f,2025-11-21,0001685040,invalid_M,validation,excluded,BHF
,,2025-10-30,00d1365169f6bd85cc487ee0231fbbe132e2f86d2c29b25c9e493b3df8a32bc4,,0001177702,no_selected_contract_or_M_not_acquired,validation,excluded,SAIA
