split,expiry_bucket,otm,horizon,status,n_measured,mean_net_pnl,ci_lo,ci_hi
train,1m,0.03,1,not_evaluated_timing_gate_blocked,,,,
train,1m,0.03,2,not_evaluated_timing_gate_blocked,,,,
train,1m,0.03,3,not_evaluated_timing_gate_blocked,,,,
train,1m,0.03,5,not_evaluated_timing_gate_blocked,,,,
train,1m,0.03,10,not_evaluated_timing_gate_blocked,,,,
train,1m,0.03,21,not_evaluated_timing_gate_blocked,,,,
train,1m,0.03,42,not_evaluated_timing_gate_blocked,,,,
train,1m,0.03,63,not_evaluated_timing_gate_blocked,,,,
train,1m,0.03,expiry,not_evaluated_timing_gate_blocked,,,,
train,1m,0.05,1,not_evaluated_timing_gate_blocked,,,,
train,1m,0.05,2,not_evaluated_timing_gate_blocked,,,,
train,1m,0.05,3,not_evaluated_timing_gate_blocked,,,,
train,1m,0.05,5,not_evaluated_timing_gate_blocked,,,,
train,1m,0.05,10,not_evaluated_timing_gate_blocked,,,,
train,1m,0.05,21,not_evaluated_timing_gate_blocked,,,,
train,1m,0.05,42,not_evaluated_timing_gate_blocked,,,,
train,1m,0.05,63,not_evaluated_timing_gate_blocked,,,,
train,1m,0.05,expiry,not_evaluated_timing_gate_blocked,,,,
train,1m,0.1,1,not_evaluated_timing_gate_blocked,,,,
train,1m,0.1,2,not_evaluated_timing_gate_blocked,,,,
train,1m,0.1,3,not_evaluated_timing_gate_blocked,,,,
train,1m,0.1,5,not_evaluated_timing_gate_blocked,,,,
train,1m,0.1,10,not_evaluated_timing_gate_blocked,,,,
train,1m,0.1,21,not_evaluated_timing_gate_blocked,,,,
train,1m,0.1,42,not_evaluated_timing_gate_blocked,,,,
train,1m,0.1,63,not_evaluated_timing_gate_blocked,,,,
train,1m,0.1,expiry,not_evaluated_timing_gate_blocked,,,,
train,2m,0.03,1,not_evaluated_timing_gate_blocked,,,,
train,2m,0.03,2,not_evaluated_timing_gate_blocked,,,,
train,2m,0.03,3,not_evaluated_timing_gate_blocked,,,,
train,2m,0.03,5,not_evaluated_timing_gate_blocked,,,,
train,2m,0.03,10,not_evaluated_timing_gate_blocked,,,,
train,2m,0.03,21,not_evaluated_timing_gate_blocked,,,,
train,2m,0.03,42,not_evaluated_timing_gate_blocked,,,,
train,2m,0.03,63,not_evaluated_timing_gate_blocked,,,,
train,2m,0.03,expiry,not_evaluated_timing_gate_blocked,,,,
train,2m,0.05,1,not_evaluated_timing_gate_blocked,,,,
train,2m,0.05,2,not_evaluated_timing_gate_blocked,,,,
train,2m,0.05,3,not_evaluated_timing_gate_blocked,,,,
train,2m,0.05,5,not_evaluated_timing_gate_blocked,,,,
train,2m,0.05,10,not_evaluated_timing_gate_blocked,,,,
train,2m,0.05,21,not_evaluated_timing_gate_blocked,,,,
train,2m,0.05,42,not_evaluated_timing_gate_blocked,,,,
train,2m,0.05,63,not_evaluated_timing_gate_blocked,,,,
train,2m,0.05,expiry,not_evaluated_timing_gate_blocked,,,,
train,2m,0.1,1,not_evaluated_timing_gate_blocked,,,,
train,2m,0.1,2,not_evaluated_timing_gate_blocked,,,,
train,2m,0.1,3,not_evaluated_timing_gate_blocked,,,,
train,2m,0.1,5,not_evaluated_timing_gate_blocked,,,,
train,2m,0.1,10,not_evaluated_timing_gate_blocked,,,,
train,2m,0.1,21,not_evaluated_timing_gate_blocked,,,,
train,2m,0.1,42,not_evaluated_timing_gate_blocked,,,,
train,2m,0.1,63,not_evaluated_timing_gate_blocked,,,,
train,2m,0.1,expiry,not_evaluated_timing_gate_blocked,,,,
train,3-6m,0.03,1,not_evaluated_timing_gate_blocked,,,,
train,3-6m,0.03,2,not_evaluated_timing_gate_blocked,,,,
train,3-6m,0.03,3,not_evaluated_timing_gate_blocked,,,,
train,3-6m,0.03,5,not_evaluated_timing_gate_blocked,,,,
train,3-6m,0.03,10,not_evaluated_timing_gate_blocked,,,,
train,3-6m,0.03,21,not_evaluated_timing_gate_blocked,,,,
train,3-6m,0.03,42,not_evaluated_timing_gate_blocked,,,,
train,3-6m,0.03,63,not_evaluated_timing_gate_blocked,,,,
train,3-6m,0.03,expiry,not_evaluated_timing_gate_blocked,,,,
train,3-6m,0.05,1,not_evaluated_timing_gate_blocked,,,,
train,3-6m,0.05,2,not_evaluated_timing_gate_blocked,,,,
train,3-6m,0.05,3,not_evaluated_timing_gate_blocked,,,,
train,3-6m,0.05,5,not_evaluated_timing_gate_blocked,,,,
train,3-6m,0.05,10,not_evaluated_timing_gate_blocked,,,,
train,3-6m,0.05,21,not_evaluated_timing_gate_blocked,,,,
train,3-6m,0.05,42,not_evaluated_timing_gate_blocked,,,,
train,3-6m,0.05,63,not_evaluated_timing_gate_blocked,,,,
train,3-6m,0.05,expiry,not_evaluated_timing_gate_blocked,,,,
train,3-6m,0.1,1,not_evaluated_timing_gate_blocked,,,,
train,3-6m,0.1,2,not_evaluated_timing_gate_blocked,,,,
train,3-6m,0.1,3,not_evaluated_timing_gate_blocked,,,,
train,3-6m,0.1,5,not_evaluated_timing_gate_blocked,,,,
train,3-6m,0.1,10,not_evaluated_timing_gate_blocked,,,,
train,3-6m,0.1,21,not_evaluated_timing_gate_blocked,,,,
train,3-6m,0.1,42,not_evaluated_timing_gate_blocked,,,,
train,3-6m,0.1,63,not_evaluated_timing_gate_blocked,,,,
train,3-6m,0.1,expiry,not_evaluated_timing_gate_blocked,,,,
placebo,1m,0.03,1,not_accessed_after_train_stop,,,,
placebo,1m,0.03,2,not_accessed_after_train_stop,,,,
placebo,1m,0.03,3,not_accessed_after_train_stop,,,,
placebo,1m,0.03,5,not_accessed_after_train_stop,,,,
placebo,1m,0.03,10,not_accessed_after_train_stop,,,,
placebo,1m,0.03,21,not_accessed_after_train_stop,,,,
placebo,1m,0.03,42,not_accessed_after_train_stop,,,,
placebo,1m,0.03,63,not_accessed_after_train_stop,,,,
placebo,1m,0.03,expiry,not_accessed_after_train_stop,,,,
placebo,1m,0.05,1,not_accessed_after_train_stop,,,,
placebo,1m,0.05,2,not_accessed_after_train_stop,,,,
placebo,1m,0.05,3,not_accessed_after_train_stop,,,,
placebo,1m,0.05,5,not_accessed_after_train_stop,,,,
placebo,1m,0.05,10,not_accessed_after_train_stop,,,,
placebo,1m,0.05,21,not_accessed_after_train_stop,,,,
placebo,1m,0.05,42,not_accessed_after_train_stop,,,,
placebo,1m,0.05,63,not_accessed_after_train_stop,,,,
placebo,1m,0.05,expiry,not_accessed_after_train_stop,,,,
placebo,1m,0.1,1,not_accessed_after_train_stop,,,,
placebo,1m,0.1,2,not_accessed_after_train_stop,,,,
placebo,1m,0.1,3,not_accessed_after_train_stop,,,,
placebo,1m,0.1,5,not_accessed_after_train_stop,,,,
placebo,1m,0.1,10,not_accessed_after_train_stop,,,,
placebo,1m,0.1,21,not_accessed_after_train_stop,,,,
placebo,1m,0.1,42,not_accessed_after_train_stop,,,,
placebo,1m,0.1,63,not_accessed_after_train_stop,,,,
placebo,1m,0.1,expiry,not_accessed_after_train_stop,,,,
placebo,2m,0.03,1,not_accessed_after_train_stop,,,,
placebo,2m,0.03,2,not_accessed_after_train_stop,,,,
placebo,2m,0.03,3,not_accessed_after_train_stop,,,,
placebo,2m,0.03,5,not_accessed_after_train_stop,,,,
placebo,2m,0.03,10,not_accessed_after_train_stop,,,,
placebo,2m,0.03,21,not_accessed_after_train_stop,,,,
placebo,2m,0.03,42,not_accessed_after_train_stop,,,,
placebo,2m,0.03,63,not_accessed_after_train_stop,,,,
placebo,2m,0.03,expiry,not_accessed_after_train_stop,,,,
placebo,2m,0.05,1,not_accessed_after_train_stop,,,,
placebo,2m,0.05,2,not_accessed_after_train_stop,,,,
placebo,2m,0.05,3,not_accessed_after_train_stop,,,,
placebo,2m,0.05,5,not_accessed_after_train_stop,,,,
placebo,2m,0.05,10,not_accessed_after_train_stop,,,,
placebo,2m,0.05,21,not_accessed_after_train_stop,,,,
placebo,2m,0.05,42,not_accessed_after_train_stop,,,,
placebo,2m,0.05,63,not_accessed_after_train_stop,,,,
placebo,2m,0.05,expiry,not_accessed_after_train_stop,,,,
placebo,2m,0.1,1,not_accessed_after_train_stop,,,,
placebo,2m,0.1,2,not_accessed_after_train_stop,,,,
placebo,2m,0.1,3,not_accessed_after_train_stop,,,,
placebo,2m,0.1,5,not_accessed_after_train_stop,,,,
placebo,2m,0.1,10,not_accessed_after_train_stop,,,,
placebo,2m,0.1,21,not_accessed_after_train_stop,,,,
placebo,2m,0.1,42,not_accessed_after_train_stop,,,,
placebo,2m,0.1,63,not_accessed_after_train_stop,,,,
placebo,2m,0.1,expiry,not_accessed_after_train_stop,,,,
placebo,3-6m,0.03,1,not_accessed_after_train_stop,,,,
placebo,3-6m,0.03,2,not_accessed_after_train_stop,,,,
placebo,3-6m,0.03,3,not_accessed_after_train_stop,,,,
placebo,3-6m,0.03,5,not_accessed_after_train_stop,,,,
placebo,3-6m,0.03,10,not_accessed_after_train_stop,,,,
placebo,3-6m,0.03,21,not_accessed_after_train_stop,,,,
placebo,3-6m,0.03,42,not_accessed_after_train_stop,,,,
placebo,3-6m,0.03,63,not_accessed_after_train_stop,,,,
placebo,3-6m,0.03,expiry,not_accessed_after_train_stop,,,,
placebo,3-6m,0.05,1,not_accessed_after_train_stop,,,,
placebo,3-6m,0.05,2,not_accessed_after_train_stop,,,,
placebo,3-6m,0.05,3,not_accessed_after_train_stop,,,,
placebo,3-6m,0.05,5,not_accessed_after_train_stop,,,,
placebo,3-6m,0.05,10,not_accessed_after_train_stop,,,,
placebo,3-6m,0.05,21,not_accessed_after_train_stop,,,,
placebo,3-6m,0.05,42,not_accessed_after_train_stop,,,,
placebo,3-6m,0.05,63,not_accessed_after_train_stop,,,,
placebo,3-6m,0.05,expiry,not_accessed_after_train_stop,,,,
placebo,3-6m,0.1,1,not_accessed_after_train_stop,,,,
placebo,3-6m,0.1,2,not_accessed_after_train_stop,,,,
placebo,3-6m,0.1,3,not_accessed_after_train_stop,,,,
placebo,3-6m,0.1,5,not_accessed_after_train_stop,,,,
placebo,3-6m,0.1,10,not_accessed_after_train_stop,,,,
placebo,3-6m,0.1,21,not_accessed_after_train_stop,,,,
placebo,3-6m,0.1,42,not_accessed_after_train_stop,,,,
placebo,3-6m,0.1,63,not_accessed_after_train_stop,,,,
placebo,3-6m,0.1,expiry,not_accessed_after_train_stop,,,,
oos,1m,0.03,1,not_accessed_after_train_stop,,,,
oos,1m,0.03,2,not_accessed_after_train_stop,,,,
oos,1m,0.03,3,not_accessed_after_train_stop,,,,
oos,1m,0.03,5,not_accessed_after_train_stop,,,,
oos,1m,0.03,10,not_accessed_after_train_stop,,,,
oos,1m,0.03,21,not_accessed_after_train_stop,,,,
oos,1m,0.03,42,not_accessed_after_train_stop,,,,
oos,1m,0.03,63,not_accessed_after_train_stop,,,,
oos,1m,0.03,expiry,not_accessed_after_train_stop,,,,
oos,1m,0.05,1,not_accessed_after_train_stop,,,,
oos,1m,0.05,2,not_accessed_after_train_stop,,,,
oos,1m,0.05,3,not_accessed_after_train_stop,,,,
oos,1m,0.05,5,not_accessed_after_train_stop,,,,
oos,1m,0.05,10,not_accessed_after_train_stop,,,,
oos,1m,0.05,21,not_accessed_after_train_stop,,,,
oos,1m,0.05,42,not_accessed_after_train_stop,,,,
oos,1m,0.05,63,not_accessed_after_train_stop,,,,
oos,1m,0.05,expiry,not_accessed_after_train_stop,,,,
oos,1m,0.1,1,not_accessed_after_train_stop,,,,
oos,1m,0.1,2,not_accessed_after_train_stop,,,,
oos,1m,0.1,3,not_accessed_after_train_stop,,,,
oos,1m,0.1,5,not_accessed_after_train_stop,,,,
oos,1m,0.1,10,not_accessed_after_train_stop,,,,
oos,1m,0.1,21,not_accessed_after_train_stop,,,,
oos,1m,0.1,42,not_accessed_after_train_stop,,,,
oos,1m,0.1,63,not_accessed_after_train_stop,,,,
oos,1m,0.1,expiry,not_accessed_after_train_stop,,,,
oos,2m,0.03,1,not_accessed_after_train_stop,,,,
oos,2m,0.03,2,not_accessed_after_train_stop,,,,
oos,2m,0.03,3,not_accessed_after_train_stop,,,,
oos,2m,0.03,5,not_accessed_after_train_stop,,,,
oos,2m,0.03,10,not_accessed_after_train_stop,,,,
oos,2m,0.03,21,not_accessed_after_train_stop,,,,
oos,2m,0.03,42,not_accessed_after_train_stop,,,,
oos,2m,0.03,63,not_accessed_after_train_stop,,,,
oos,2m,0.03,expiry,not_accessed_after_train_stop,,,,
oos,2m,0.05,1,not_accessed_after_train_stop,,,,
oos,2m,0.05,2,not_accessed_after_train_stop,,,,
oos,2m,0.05,3,not_accessed_after_train_stop,,,,
oos,2m,0.05,5,not_accessed_after_train_stop,,,,
oos,2m,0.05,10,not_accessed_after_train_stop,,,,
oos,2m,0.05,21,not_accessed_after_train_stop,,,,
oos,2m,0.05,42,not_accessed_after_train_stop,,,,
oos,2m,0.05,63,not_accessed_after_train_stop,,,,
oos,2m,0.05,expiry,not_accessed_after_train_stop,,,,
oos,2m,0.1,1,not_accessed_after_train_stop,,,,
oos,2m,0.1,2,not_accessed_after_train_stop,,,,
oos,2m,0.1,3,not_accessed_after_train_stop,,,,
oos,2m,0.1,5,not_accessed_after_train_stop,,,,
oos,2m,0.1,10,not_accessed_after_train_stop,,,,
oos,2m,0.1,21,not_accessed_after_train_stop,,,,
oos,2m,0.1,42,not_accessed_after_train_stop,,,,
oos,2m,0.1,63,not_accessed_after_train_stop,,,,
oos,2m,0.1,expiry,not_accessed_after_train_stop,,,,
oos,3-6m,0.03,1,not_accessed_after_train_stop,,,,
oos,3-6m,0.03,2,not_accessed_after_train_stop,,,,
oos,3-6m,0.03,3,not_accessed_after_train_stop,,,,
oos,3-6m,0.03,5,not_accessed_after_train_stop,,,,
oos,3-6m,0.03,10,not_accessed_after_train_stop,,,,
oos,3-6m,0.03,21,not_accessed_after_train_stop,,,,
oos,3-6m,0.03,42,not_accessed_after_train_stop,,,,
oos,3-6m,0.03,63,not_accessed_after_train_stop,,,,
oos,3-6m,0.03,expiry,not_accessed_after_train_stop,,,,
oos,3-6m,0.05,1,not_accessed_after_train_stop,,,,
oos,3-6m,0.05,2,not_accessed_after_train_stop,,,,
oos,3-6m,0.05,3,not_accessed_after_train_stop,,,,
oos,3-6m,0.05,5,not_accessed_after_train_stop,,,,
oos,3-6m,0.05,10,not_accessed_after_train_stop,,,,
oos,3-6m,0.05,21,not_accessed_after_train_stop,,,,
oos,3-6m,0.05,42,not_accessed_after_train_stop,,,,
oos,3-6m,0.05,63,not_accessed_after_train_stop,,,,
oos,3-6m,0.05,expiry,not_accessed_after_train_stop,,,,
oos,3-6m,0.1,1,not_accessed_after_train_stop,,,,
oos,3-6m,0.1,2,not_accessed_after_train_stop,,,,
oos,3-6m,0.1,3,not_accessed_after_train_stop,,,,
oos,3-6m,0.1,5,not_accessed_after_train_stop,,,,
oos,3-6m,0.1,10,not_accessed_after_train_stop,,,,
oos,3-6m,0.1,21,not_accessed_after_train_stop,,,,
oos,3-6m,0.1,42,not_accessed_after_train_stop,,,,
oos,3-6m,0.1,63,not_accessed_after_train_stop,,,,
oos,3-6m,0.1,expiry,not_accessed_after_train_stop,,,,
